{
  "cloudant_apikey": "REPLACEME.node-red-cltvm-2022--cloudant-1667292887678.apikey",
  "cloudant_host": "REPLACEME.node-red-cltvm-2022--cloudant-1667292887678.host",
  "cloudant_iam_apikey_description": "REPLACEME.node-red-cltvm-2022--cloudant-1667292887678.iam_apikey_description",
  "cloudant_iam_apikey_name": "REPLACEME.node-red-cltvm-2022--cloudant-1667292887678.iam_apikey_name",
  "cloudant_iam_role_crn": "REPLACEME.node-red-cltvm-2022--cloudant-1667292887678.iam_role_crn",
  "cloudant_iam_serviceid_crn": "REPLACEME.node-red-cltvm-2022--cloudant-1667292887678.iam_serviceid_crn",
  "cloudant_password": "REPLACEME.node-red-cltvm-2022--cloudant-1667292887678.password",
  "cloudant_port": 443,
  "cloudant_url": "REPLACEME.node-red-cltvm-2022--cloudant-1667292887678.url",
  "cloudant_username": "REPLACEME.node-red-cltvm-2022--cloudant-1667292887678.username"
}
